model,r2_val,rmse_val,mae_val,wmapE_val
ridge,0.9943573903463062,0.051840596746766686,0.01460054730567904,0.0041245981561549355
