model,r2_val,rmse_val,mae_val,wmapE_val
ridge,0.9840764404697049,0.08786899237076803,0.01625401371725494,0.004596282501027862
